Frames,Pixel Count
KNN,112896
GMG,0
CNT,112896
MOG,0
MOG2,112896
KNN,112896
GMG,0
CNT,112896
MOG,597
MOG2,4050
KNN,112810
GMG,0
CNT,112896
MOG,953
MOG2,4846
KNN,112797
GMG,0
CNT,112896
MOG,960
MOG2,2909
KNN,6869
GMG,0
CNT,112896
MOG,924
MOG2,2816
KNN,6038
GMG,0
CNT,112896
MOG,1192
MOG2,4116
KNN,6358
GMG,0
CNT,112896
MOG,1198
MOG2,3470
KNN,5758
GMG,0
CNT,112896
MOG,1148
MOG2,2851
KNN,5248
GMG,0
CNT,112896
MOG,1129
MOG2,2511
KNN,4925
GMG,0
CNT,112896
MOG,1186
MOG2,2694
KNN,5388
GMG,0
CNT,112896
MOG,1230
MOG2,2939
KNN,5403
GMG,0
CNT,112896
MOG,1132
MOG2,2786
KNN,5606
GMG,0
CNT,112896
MOG,1228
MOG2,3023
KNN,5665
GMG,0
CNT,112896
MOG,1220
MOG2,2877
KNN,5707
GMG,0
CNT,112896
MOG,1223
MOG2,2565
KNN,5741
GMG,0
CNT,6863
MOG,1249
MOG2,3553
KNN,5769
GMG,0
CNT,7012
MOG,1206
MOG2,4408
KNN,5428
GMG,0
CNT,6937
MOG,1176
MOG2,4312
KNN,5392
GMG,0
CNT,6955
MOG,1231
MOG2,3244
KNN,5260
GMG,0
CNT,6821
MOG,1197
MOG2,3251
KNN,5143
GMG,0
CNT,6822
MOG,1168
MOG2,3509
KNN,5371
GMG,0
CNT,6707
MOG,1156
MOG2,3731
KNN,5323
GMG,0
CNT,6649
MOG,1148
MOG2,3876
KNN,5279
GMG,0
CNT,6559
MOG,1164
MOG2,3720
KNN,5317
GMG,0
CNT,6541
MOG,1220
MOG2,3812
KNN,5250
GMG,0
CNT,6482
MOG,1212
MOG2,3949
KNN,5168
GMG,0
CNT,6438
MOG,1218
MOG2,3780
KNN,5131
GMG,0
CNT,6367
MOG,1166
MOG2,3860
KNN,4978
GMG,0
CNT,6300
MOG,1196
MOG2,3823
KNN,4943
GMG,0
CNT,6255
MOG,1209
MOG2,3897
KNN,4914
GMG,0
CNT,6224
MOG,1198
MOG2,4231
KNN,5089
GMG,0
CNT,6179
MOG,1269
MOG2,4309
KNN,4998
GMG,0
CNT,6164
MOG,1284
MOG2,4329
KNN,4907
GMG,0
CNT,6136
MOG,1234
MOG2,4362
KNN,4802
GMG,0
CNT,6109
MOG,1264
MOG2,4221
KNN,4781
GMG,0
CNT,6024
MOG,1278
MOG2,4327
KNN,4710
GMG,0
CNT,5964
MOG,1257
MOG2,4440
KNN,4750
GMG,0
CNT,5909
MOG,1321
MOG2,4328
KNN,4728
GMG,0
CNT,5864
MOG,1312
MOG2,4400
KNN,4724
GMG,0
CNT,5825
MOG,1296
MOG2,4317
KNN,4778
GMG,0
CNT,5726
MOG,1287
MOG2,4303
KNN,4798
GMG,0
CNT,5693
MOG,1333
MOG2,4355
KNN,4790
GMG,0
CNT,5622
MOG,1383
MOG2,4487
KNN,4846
GMG,0
CNT,5572
MOG,1436
MOG2,4661
KNN,4858
GMG,0
CNT,5529
MOG,1400
MOG2,4617
KNN,4970
GMG,0
CNT,5460
MOG,1398
MOG2,5001
KNN,4913
GMG,0
CNT,5415
MOG,1380
MOG2,4953
KNN,4909
GMG,0
CNT,5373
MOG,1360
MOG2,4811
KNN,4847
GMG,0
CNT,5268
MOG,1294
MOG2,4735
KNN,4811
GMG,0
CNT,5204
MOG,1286
MOG2,4689
KNN,4801
GMG,0
CNT,5194
MOG,1316
MOG2,4825
KNN,4920
GMG,0
CNT,5178
MOG,1343
MOG2,4904
KNN,4811
GMG,0
CNT,5100
MOG,1282
MOG2,4661
KNN,4739
GMG,0
CNT,5023
MOG,1272
MOG2,4536
KNN,4699
GMG,0
CNT,4927
MOG,1295
MOG2,4416
KNN,4635
GMG,0
CNT,4850
MOG,1291
MOG2,4489
KNN,4591
GMG,0
CNT,4887
MOG,1330
MOG2,4359
KNN,4598
GMG,0
CNT,4872
MOG,1356
MOG2,4460
KNN,4509
GMG,0
CNT,4818
MOG,1297
MOG2,4490
KNN,4510
GMG,0
CNT,4791
MOG,1273
MOG2,4435
KNN,4458
GMG,0
CNT,4836
MOG,1359
MOG2,4596
KNN,4491
GMG,0
CNT,4832
MOG,1367
MOG2,4825
KNN,4400
GMG,0
CNT,4715
MOG,1313
MOG2,4740
KNN,4369
GMG,0
CNT,4665
MOG,1257
MOG2,4700
KNN,4364
GMG,0
CNT,4576
MOG,1211
MOG2,4539
KNN,4358
GMG,0
CNT,4600
MOG,1201
MOG2,4544
KNN,4242
GMG,0
CNT,4519
MOG,1209
MOG2,4484
KNN,4248
GMG,0
CNT,4450
MOG,1150
MOG2,4549
KNN,4157
GMG,0
CNT,4360
MOG,1131
MOG2,4423
KNN,4187
GMG,0
CNT,4336
MOG,1167
MOG2,4334
KNN,4063
GMG,0
CNT,4242
MOG,1148
MOG2,4183
KNN,4000
GMG,0
CNT,4162
MOG,1125
MOG2,4244
KNN,4020
GMG,0
CNT,4091
MOG,1102
MOG2,4194
KNN,3939
GMG,0
CNT,4047
MOG,1111
MOG2,4155
KNN,3903
GMG,0
CNT,3995
MOG,1126
MOG2,3903
KNN,3950
GMG,0
CNT,3875
MOG,1044
MOG2,4073
KNN,3817
GMG,0
CNT,3804
MOG,1043
MOG2,3983
KNN,3838
GMG,0
CNT,3769
MOG,1039
MOG2,3994
KNN,3798
GMG,0
CNT,3736
MOG,1000
MOG2,3985
KNN,3783
GMG,0
CNT,3703
MOG,1057
MOG2,3954
KNN,3779
GMG,0
CNT,3710
MOG,1095
MOG2,3979
KNN,3922
GMG,0
CNT,3746
MOG,1171
MOG2,4230
KNN,3892
GMG,0
CNT,3745
MOG,1203
MOG2,4264
KNN,3910
GMG,0
CNT,3705
MOG,1186
MOG2,4239
KNN,3881
GMG,0
CNT,3677
MOG,1201
MOG2,4328
KNN,3900
GMG,0
CNT,3682
MOG,1205
MOG2,4285
KNN,3893
GMG,0
CNT,3660
MOG,1270
MOG2,4349
KNN,3952
GMG,0
CNT,3707
MOG,1285
MOG2,4438
KNN,3918
GMG,0
CNT,3687
MOG,1281
MOG2,4447
KNN,3973
GMG,0
CNT,3731
MOG,1348
MOG2,4437
KNN,4426
GMG,0
CNT,3850
MOG,1351
MOG2,8947
KNN,4447
GMG,0
CNT,3848
MOG,1353
MOG2,8916
KNN,4454
GMG,0
CNT,3859
MOG,1381
MOG2,8913
KNN,4446
GMG,0
CNT,3857
MOG,1386
MOG2,8710
KNN,4531
GMG,0
CNT,3933
MOG,1474
MOG2,8701
KNN,4653
GMG,0
CNT,3991
MOG,1529
MOG2,8738
KNN,4716
GMG,0
CNT,4045
MOG,1586
MOG2,8894
KNN,4707
GMG,0
CNT,4036
MOG,1591
MOG2,8749
KNN,4738
GMG,0
CNT,4034
MOG,1559
MOG2,8705
KNN,4782
GMG,0
CNT,4051
MOG,1601
MOG2,8824
KNN,4821
GMG,0
CNT,4121
MOG,1634
MOG2,8801
KNN,4868
GMG,0
CNT,4184
MOG,1691
MOG2,8667
KNN,4894
GMG,0
CNT,4156
MOG,1627
MOG2,8599
KNN,4868
GMG,0
CNT,4233
MOG,1686
MOG2,8608
KNN,4881
GMG,0
CNT,4210
MOG,1622
MOG2,8592
KNN,4902
GMG,0
CNT,4269
MOG,1653
MOG2,8500
KNN,4918
GMG,0
CNT,4298
MOG,1630
MOG2,8500
KNN,4873
GMG,0
CNT,4254
MOG,1661
MOG2,8263
KNN,4847
GMG,0
CNT,4252
MOG,1622
MOG2,8069
KNN,4779
GMG,0
CNT,4262
MOG,1616
MOG2,7902
KNN,4781
GMG,0
CNT,4282
MOG,1599
MOG2,7693
KNN,4715
GMG,0
CNT,4226
MOG,1527
MOG2,7528
KNN,4674
GMG,0
CNT,4223
MOG,1482
MOG2,4550
KNN,4641
GMG,0
CNT,4224
MOG,1396
MOG2,4389
KNN,4634
GMG,0
CNT,4250
MOG,1418
MOG2,4332
KNN,4633
GMG,0
CNT,4211
MOG,1375
MOG2,4357
KNN,4601
GMG,0
CNT,4224
MOG,1394
MOG2,4376
KNN,4548
GMG,0
CNT,4217
MOG,1373
MOG2,4388
KNN,4528
GMG,0
CNT,4197
MOG,1362
MOG2,4407
KNN,4556
GMG,0
CNT,4229
MOG,1362
MOG2,4465
KNN,4692
GMG,112896
CNT,4317
MOG,1405
MOG2,4785
KNN,4688
GMG,4214
CNT,4296
MOG,1368
MOG2,4733
KNN,4607
GMG,5452
CNT,4277
MOG,1366
MOG2,4665
KNN,4635
GMG,6112
CNT,4270
MOG,1394
MOG2,4716
KNN,4648
GMG,5548
CNT,4258
MOG,1338
MOG2,4766
KNN,4601
GMG,5530
CNT,4276
MOG,1353
MOG2,4681
KNN,4639
GMG,5317
CNT,4299
MOG,1315
MOG2,4731
KNN,4651
GMG,5254
CNT,4340
MOG,1333
MOG2,4744
KNN,4696
GMG,4917
CNT,4289
MOG,1263
MOG2,4776
KNN,4636
GMG,4892
CNT,4312
MOG,1284
MOG2,4722
KNN,4615
GMG,4761
CNT,4305
MOG,1263
MOG2,4637
KNN,4622
GMG,4729
CNT,4341
MOG,1280
MOG2,4662
KNN,4681
GMG,4660
CNT,4358
MOG,1295
MOG2,4708
KNN,4646
GMG,4605
CNT,4332
MOG,1275
MOG2,4666
KNN,4666
GMG,4535
CNT,4354
MOG,1284
MOG2,4701
KNN,4720
GMG,4637
CNT,4354
MOG,1287
MOG2,4884
KNN,4858
GMG,4660
CNT,4456
MOG,1327
MOG2,5088
KNN,4765
GMG,4627
CNT,4359
MOG,1273
MOG2,4881
KNN,4729
GMG,4544
CNT,4394
MOG,1355
MOG2,4778
KNN,4794
GMG,4492
CNT,4392
MOG,1319
MOG2,4863
KNN,4780
GMG,4392
CNT,4420
MOG,1349
MOG2,4872
KNN,4730
GMG,4503
CNT,4438
MOG,1357
MOG2,4786
KNN,4702
GMG,4552
CNT,4407
MOG,1316
MOG2,4760
KNN,4732
GMG,4552
CNT,4420
MOG,1384
MOG2,4832
KNN,4767
GMG,4566
CNT,4402
MOG,1362
MOG2,4882
KNN,4787
GMG,4685
CNT,4486
MOG,1454
MOG2,4901
KNN,4830
GMG,4671
CNT,4500
MOG,1427
MOG2,4938
KNN,4837
GMG,4776
CNT,4518
MOG,1442
MOG2,4952
KNN,4877
GMG,4825
CNT,4567
MOG,1478
MOG2,5010
KNN,4851
GMG,4897
CNT,4593
MOG,1502
MOG2,5035
KNN,4962
GMG,4978
CNT,4698
MOG,1564
MOG2,5190
KNN,5065
GMG,4982
CNT,4791
MOG,1627
MOG2,5293
KNN,5078
GMG,4905
CNT,4777
MOG,1643
MOG2,5353
KNN,5046
GMG,4913
CNT,4854
MOG,1693
MOG2,5321
KNN,5150
GMG,4975
CNT,4871
MOG,1754
MOG2,5450
KNN,5183
GMG,5052
CNT,4902
MOG,1789
MOG2,5514
KNN,5252
GMG,5011
CNT,5020
MOG,1822
MOG2,5560
KNN,5223
GMG,5193
CNT,4964
MOG,1835
MOG2,5523
KNN,5249
GMG,5099
CNT,4975
MOG,1850
MOG2,5557
KNN,5370
GMG,5132
CNT,5040
MOG,1917
MOG2,5586
KNN,5458
GMG,5241
CNT,5083
MOG,1975
MOG2,5697
KNN,5459
GMG,5228
CNT,5078
MOG,1961
MOG2,5668
KNN,5485
GMG,5376
CNT,5088
MOG,1969
MOG2,5758
KNN,5524
GMG,5310
CNT,5137
MOG,1955
MOG2,5826
KNN,5565
GMG,5365
CNT,5176
MOG,1978
MOG2,5855
KNN,5647
GMG,5364
CNT,5249
MOG,1977
MOG2,5913
KNN,5768
GMG,5453
CNT,5339
MOG,1986
MOG2,6048
KNN,5786
GMG,5470
CNT,5347
MOG,1959
MOG2,6083
KNN,5833
GMG,5557
CNT,5411
MOG,1975
MOG2,6061
KNN,5782
GMG,5571
CNT,5392
MOG,1932
MOG2,6019
KNN,5733
GMG,5494
CNT,5357
MOG,1885
MOG2,5931
KNN,5739
GMG,5579
CNT,5362
MOG,1810
MOG2,5949
KNN,5738
GMG,5464
CNT,5395
MOG,1789
MOG2,5928
KNN,5706
GMG,5432
CNT,5320
MOG,1673
MOG2,5907
KNN,5704
GMG,5356
CNT,5392
MOG,1679
MOG2,5880
KNN,5624
GMG,5251
CNT,5380
MOG,1594
MOG2,5797
KNN,5599
GMG,5145
CNT,5345
MOG,1518
MOG2,5734
KNN,5606
GMG,5149
CNT,5323
MOG,1432
MOG2,5634
KNN,5581
GMG,5030
CNT,5323
MOG,1408
MOG2,5702
KNN,5587
GMG,4969
CNT,5373
MOG,1397
MOG2,5719
KNN,6143
GMG,8179
CNT,5686
MOG,1364
MOG2,8167
KNN,6071
GMG,7636
CNT,5719
MOG,1376
MOG2,8114
KNN,6036
GMG,6965
CNT,5674
MOG,1411
MOG2,8137
KNN,5968
GMG,4781
CNT,5664
MOG,1375
MOG2,8159
KNN,6056
GMG,4808
CNT,5741
MOG,1428
MOG2,8165
KNN,5940
GMG,4730
CNT,5624
MOG,1388
MOG2,8051
KNN,6027
GMG,4694
CNT,5711
MOG,1435
MOG2,8082
KNN,6075
GMG,4691
CNT,5778
MOG,1436
MOG2,8106
KNN,6007
GMG,4602
CNT,5759
MOG,1438
MOG2,8048
KNN,5989
GMG,4513
CNT,5757
MOG,1405
MOG2,8090
KNN,6088
GMG,4491
CNT,5740
MOG,1388
MOG2,8121
KNN,6058
GMG,4499
CNT,5762
MOG,1356
MOG2,8153
KNN,6173
GMG,4454
CNT,5841
MOG,1376
MOG2,8147
KNN,6192
GMG,4383
CNT,5911
MOG,1371
MOG2,8150
KNN,6134
GMG,4264
CNT,5876
MOG,1346
MOG2,8132
KNN,6237
GMG,4337
CNT,5952
MOG,1358
MOG2,8274
KNN,6239
GMG,4226
CNT,6017
MOG,1358
MOG2,8207
KNN,6312
GMG,4305
CNT,6034
MOG,1334
MOG2,8352
KNN,6298
GMG,4228
CNT,6095
MOG,1363
MOG2,8349
KNN,6346
GMG,4157
CNT,6084
MOG,1386
MOG2,8326
KNN,6390
GMG,4200
CNT,6090
MOG,1410
MOG2,8265
KNN,6465
GMG,4240
CNT,6150
MOG,1444
MOG2,8336
KNN,6434
GMG,4196
CNT,6220
MOG,1477
MOG2,8286
KNN,6419
GMG,4200
CNT,6195
MOG,1476
MOG2,8238
KNN,6371
GMG,4164
CNT,6195
MOG,1494
MOG2,8182
KNN,6381
GMG,4289
CNT,6188
MOG,1512
MOG2,8142
KNN,6383
GMG,4237
CNT,6185
MOG,1510
MOG2,8134
KNN,6423
GMG,4238
CNT,6214
MOG,1535
MOG2,8108
KNN,6412
GMG,4247
CNT,6200
MOG,1497
MOG2,8023
KNN,6400
GMG,4144
CNT,6231
MOG,1519
MOG2,8058
KNN,6602
GMG,4233
CNT,6411
MOG,1539
MOG2,8311
KNN,6421
GMG,4226
CNT,6206
MOG,1542
MOG2,8020
KNN,6368
GMG,4327
CNT,6153
MOG,1503
MOG2,7880
KNN,6386
GMG,4269
CNT,6170
MOG,1558
MOG2,7847
KNN,6421
GMG,4232
CNT,6185
MOG,1549
MOG2,7811
KNN,6367
GMG,4287
CNT,6153
MOG,1580
MOG2,7694
KNN,6291
GMG,4324
CNT,6125
MOG,1522
MOG2,7638
KNN,6293
GMG,4314
CNT,6140
MOG,1548
MOG2,7572
KNN,6200
GMG,4399
CNT,6055
MOG,1531
MOG2,7440
KNN,6166
GMG,4391
CNT,6039
MOG,1535
MOG2,7272
KNN,6129
GMG,4361
CNT,6034
MOG,1516
MOG2,7189
KNN,6144
GMG,4360
CNT,6013
MOG,1529
MOG2,7093
KNN,6025
GMG,4397
CNT,5935
MOG,1518
MOG2,6925
KNN,5992
GMG,4369
CNT,5889
MOG,1521
MOG2,6806
KNN,6005
GMG,4420
CNT,5877
MOG,1508
MOG2,5967
KNN,6038
GMG,4371
CNT,5825
MOG,1528
MOG2,6005
KNN,6050
GMG,4380
CNT,5910
MOG,1533
MOG2,5963
KNN,5941
GMG,4385
CNT,5802
MOG,1525
MOG2,5835
KNN,5945
GMG,4309
CNT,5792
MOG,1522
MOG2,5761
KNN,5945
GMG,4265
CNT,5786
MOG,1546
MOG2,5703
KNN,5788
GMG,4250
CNT,5666
MOG,1479
MOG2,5598
KNN,5766
GMG,4226
CNT,5653
MOG,1440
MOG2,5622
KNN,5729
GMG,4259
CNT,5564
MOG,1386
MOG2,5566
KNN,5746
GMG,4153
CNT,5532
MOG,1407
MOG2,5539
KNN,5548
GMG,4005
CNT,5417
MOG,1350
MOG2,5428
KNN,5550
GMG,4096
CNT,5342
MOG,1335
MOG2,5478
KNN,5569
GMG,4030
CNT,5353
MOG,1318
MOG2,5477
KNN,5528
GMG,3976
CNT,5301
MOG,1331
MOG2,5470
KNN,5497
GMG,3988
CNT,5292
MOG,1302
MOG2,5378
KNN,5459
GMG,3954
CNT,5225
MOG,1263
MOG2,5326
KNN,5507
GMG,3910
CNT,5289
MOG,1266
MOG2,5522
KNN,5549
GMG,3809
CNT,5346
MOG,1287
MOG2,5578
KNN,5445
GMG,3803
CNT,5152
MOG,1288
MOG2,5462
KNN,5398
GMG,3742
CNT,5111
MOG,1248
MOG2,5424
KNN,5347
GMG,3756
CNT,5019
MOG,1218
MOG2,5339
KNN,5341
GMG,3820
CNT,5020
MOG,1232
MOG2,5285
KNN,5322
GMG,3734
CNT,4987
MOG,1210
MOG2,5309
KNN,5314
GMG,3526
CNT,4990
MOG,1247
MOG2,5270
KNN,5336
GMG,3584
CNT,4951
MOG,1255
MOG2,5320
KNN,5421
GMG,3575
CNT,4997
MOG,1272
MOG2,5365
KNN,5324
GMG,3467
CNT,4987
MOG,1306
MOG2,5296
KNN,5281
GMG,3445
CNT,4965
MOG,1274
MOG2,5267
KNN,5282
GMG,3489
CNT,4982
MOG,1291
MOG2,5361
KNN,5241
GMG,3440
CNT,4920
MOG,1288
MOG2,5258
KNN,5230
GMG,3420
CNT,4900
MOG,1279
MOG2,5279
KNN,5330
GMG,3494
CNT,4930
MOG,1302
MOG2,5445
KNN,5378
GMG,3418
CNT,4906
MOG,1291
MOG2,5519
KNN,5331
GMG,3456
CNT,4870
MOG,1285
MOG2,5491
KNN,5343
GMG,3449
CNT,4924
MOG,1304
MOG2,5480
KNN,5306
GMG,3444
CNT,4949
MOG,1301
MOG2,5465
KNN,5405
GMG,3482
CNT,4978
MOG,1319
MOG2,5520
KNN,5335
GMG,3495
CNT,4975
MOG,1322
MOG2,5409
KNN,5333
GMG,3604
CNT,4942
MOG,1327
MOG2,5445
KNN,5258
GMG,3586
CNT,4906
MOG,1288
MOG2,5357
KNN,5353
GMG,3591
CNT,4927
MOG,1258
MOG2,5388
KNN,5303
GMG,3612
CNT,4865
MOG,1271
MOG2,5318
KNN,5249
GMG,3510
CNT,4864
MOG,1249
MOG2,5277
KNN,5292
GMG,3493
CNT,4805
MOG,1252
MOG2,5285
KNN,5265
GMG,3575
CNT,4844
MOG,1234
MOG2,5270
KNN,5222
GMG,3451
CNT,4810
MOG,1235
MOG2,5209
KNN,5498
GMG,4211
CNT,4875
MOG,1253
MOG2,6325
KNN,5414
GMG,4018
CNT,4860
MOG,1222
MOG2,6248
KNN,5429
GMG,3768
CNT,4858
MOG,1219
MOG2,6243
KNN,5431
GMG,3537
CNT,4817
MOG,1217
MOG2,6142
KNN,5402
GMG,3486
CNT,4898
MOG,1233
MOG2,6092
KNN,5378
GMG,3502
CNT,4825
MOG,1196
MOG2,6136
KNN,5327
GMG,3530
CNT,4827
MOG,1181
MOG2,6117
KNN,5206
GMG,3427
CNT,4762
MOG,1139
MOG2,5992
KNN,5225
GMG,3321
CNT,4773
MOG,1116
MOG2,5985
KNN,5137
GMG,3300
CNT,4706
MOG,1053
MOG2,5952
KNN,5158
GMG,3289
CNT,4658
MOG,1040
MOG2,5901
KNN,5188
GMG,3275
CNT,4679
MOG,1043
MOG2,5885
KNN,5130
GMG,3230
CNT,4667
MOG,1005
MOG2,5743
KNN,5087
GMG,3249
CNT,4636
MOG,977
MOG2,5727
KNN,5044
GMG,3162
CNT,4595
MOG,970
MOG2,5667
KNN,4953
GMG,3240
CNT,4587
MOG,925
MOG2,5565
KNN,4973
GMG,3230
CNT,4556
MOG,906
MOG2,5560
KNN,4973
GMG,3201
CNT,4605
MOG,915
MOG2,5606
KNN,4955
GMG,3145
CNT,4605
MOG,917
MOG2,5545
KNN,4920
GMG,3112
CNT,4524
MOG,892
MOG2,5450
KNN,4854
GMG,3096
CNT,4463
MOG,878
MOG2,5391
KNN,4829
GMG,3093
CNT,4528
MOG,881
MOG2,5365
KNN,4879
GMG,3051
CNT,4543
MOG,840
MOG2,5319
KNN,4839
GMG,3117
CNT,4554
MOG,875
MOG2,5243
KNN,4771
GMG,3048
CNT,4475
MOG,855
MOG2,5240
KNN,4813
GMG,3006
CNT,4474
MOG,842
MOG2,5225
KNN,4828
GMG,3040
CNT,4509
MOG,840
MOG2,5236
KNN,4778
GMG,2945
CNT,4502
MOG,842
MOG2,5158
KNN,4726
GMG,2957
CNT,4465
MOG,852
MOG2,5074
KNN,4740
GMG,2989
CNT,4477
MOG,827
MOG2,5008
KNN,4788
GMG,3018
CNT,4506
MOG,835
MOG2,5103
KNN,4752
GMG,2998
CNT,4505
MOG,831
MOG2,5053
KNN,4673
GMG,2939
CNT,4463
MOG,867
MOG2,4990
KNN,4692
GMG,2843
CNT,4497
MOG,870
MOG2,4997
KNN,4713
GMG,2967
CNT,4501
MOG,882
MOG2,4992
KNN,4681
GMG,2926
CNT,4465
MOG,897
MOG2,4908
KNN,4753
GMG,2995
CNT,4500
MOG,903
MOG2,4939
KNN,4739
GMG,3020
CNT,4516
MOG,902
MOG2,4895
KNN,4725
GMG,2924
CNT,4521
MOG,943
MOG2,4890
KNN,4721
GMG,2959
CNT,4526
MOG,969
MOG2,4840
KNN,4781
GMG,3072
CNT,4546
MOG,948
MOG2,4817
KNN,4687
GMG,3042
CNT,4508
MOG,937
MOG2,4720
KNN,4698
GMG,2991
CNT,4514
MOG,940
MOG2,4658
KNN,4729
GMG,3108
CNT,4518
MOG,918
MOG2,4511
KNN,4653
GMG,3000
CNT,4462
MOG,899
MOG2,4429
KNN,4633
GMG,3076
CNT,4535
MOG,917
MOG2,4442
KNN,4650
GMG,3172
CNT,4555
MOG,906
MOG2,4402
KNN,4578
GMG,3157
CNT,4519
MOG,897
MOG2,4366
KNN,4631
GMG,3168
CNT,4566
MOG,898
MOG2,4331
KNN,4594
GMG,3151
CNT,4554
MOG,868
MOG2,4331
KNN,4622
GMG,3091
CNT,4566
MOG,859
MOG2,4339
KNN,4561
GMG,3122
CNT,4556
MOG,851
MOG2,4204
KNN,4548
GMG,3123
CNT,4552
MOG,819
MOG2,4231
KNN,4553
GMG,3072
CNT,4539
MOG,774
MOG2,4188
KNN,4484
GMG,2998
CNT,4520
MOG,765
MOG2,4037
KNN,4394
GMG,2916
CNT,4489
MOG,748
MOG2,3729
KNN,4373
GMG,2897
CNT,4458
MOG,729
MOG2,3707
KNN,4370
GMG,2914
CNT,4451
MOG,713
MOG2,3697
KNN,4333
GMG,2944
CNT,4388
MOG,671
MOG2,3704
KNN,4246
GMG,2865
CNT,4319
MOG,614
MOG2,3601
KNN,4294
GMG,2870
CNT,4366
MOG,634
MOG2,3661
KNN,4229
GMG,2890
CNT,4333
MOG,620
MOG2,3625
KNN,4248
GMG,2785
CNT,4315
MOG,601
MOG2,3661
KNN,4132
GMG,2735
CNT,4283
MOG,590
MOG2,3605
KNN,4141
GMG,2714
CNT,4242
MOG,590
MOG2,3582
KNN,4112
GMG,2648
CNT,4216
MOG,583
MOG2,3530
KNN,4095
GMG,2573
CNT,4204
MOG,585
MOG2,3619
KNN,4024
GMG,2558
CNT,4186
MOG,574
MOG2,3526
KNN,3970
GMG,2622
CNT,4164
MOG,575
MOG2,3515
KNN,3943
GMG,2563
CNT,4123
MOG,603
MOG2,3506
KNN,3926
GMG,2528
CNT,4082
MOG,586
MOG2,3469
KNN,3909
GMG,2467
CNT,4074
MOG,577
MOG2,3418
KNN,3845
GMG,2485
CNT,4073
MOG,586
MOG2,3402
KNN,3861
GMG,2422
CNT,4054
MOG,589
MOG2,3350
KNN,3792
GMG,2391
CNT,3987
MOG,589
MOG2,3329
KNN,3780
GMG,2347
CNT,3965
MOG,583
MOG2,3367
KNN,3822
GMG,2364
CNT,3992
MOG,594
MOG2,3471
KNN,3867
GMG,2258
CNT,4017
MOG,602
MOG2,3526
KNN,3818
GMG,2320
CNT,4031
MOG,599
MOG2,3512
KNN,3801
GMG,2294
CNT,4005
MOG,563
MOG2,3442
KNN,3770
GMG,2243
CNT,3957
MOG,557
MOG2,3424
KNN,3803
GMG,2267
CNT,3986
MOG,566
MOG2,3479
KNN,3785
GMG,2292
CNT,3971
MOG,580
MOG2,3438
KNN,3741
GMG,2274
CNT,3965
MOG,582
MOG2,3447
KNN,3741
GMG,2361
CNT,4013
MOG,600
MOG2,3424
KNN,3792
GMG,2341
CNT,4012
MOG,618
MOG2,3411
KNN,3758
GMG,2307
CNT,3960
MOG,629
MOG2,3365
KNN,3731
GMG,2292
CNT,3940
MOG,622
MOG2,3368
KNN,3769
GMG,2344
CNT,3995
MOG,641
MOG2,3378
KNN,3824
GMG,2374
CNT,3989
MOG,630
MOG2,3420
KNN,3871
GMG,2949
CNT,4073
MOG,634
MOG2,4037
KNN,3885
GMG,2653
CNT,4118
MOG,638
MOG2,3991
KNN,3909
GMG,2406
CNT,4116
MOG,639
MOG2,3970
KNN,3846
GMG,2363
CNT,4100
MOG,617
MOG2,3916
KNN,3850
GMG,2370
CNT,4134
MOG,627
MOG2,3846
KNN,3788
GMG,2384
CNT,4124
MOG,611
MOG2,3752
KNN,3772
GMG,2435
CNT,4111
MOG,612
MOG2,3716
KNN,3744
GMG,2425
CNT,4093
MOG,605
MOG2,3689
KNN,3744
GMG,2400
CNT,4124
MOG,611
MOG2,3631
KNN,3715
GMG,2479
CNT,4135
MOG,598
MOG2,3632
KNN,3769
GMG,2533
CNT,4142
MOG,565
MOG2,3659
KNN,3745
GMG,2551
CNT,4151
MOG,560
MOG2,3592
KNN,3716
GMG,2470
CNT,4160
MOG,547
MOG2,3587
KNN,3660
GMG,2372
CNT,4122
MOG,522
MOG2,3548
KNN,3675
GMG,2280
CNT,4132
MOG,551
MOG2,3561
KNN,3616
GMG,2367
CNT,4052
MOG,520
MOG2,3471
KNN,3608
GMG,2300
CNT,4030
MOG,482
MOG2,3431
KNN,3600
GMG,2295
CNT,3954
MOG,492
MOG2,3457
KNN,3592
GMG,2385
CNT,3942
MOG,482
MOG2,3438
KNN,3529
GMG,2346
CNT,3885
MOG,460
MOG2,3361
KNN,3473
GMG,2258
CNT,3862
MOG,468
MOG2,3322
KNN,3475
GMG,2247
CNT,3846
MOG,475
MOG2,3325
KNN,3504
GMG,2196
CNT,3837
MOG,456
MOG2,3338
KNN,3440
GMG,2190
CNT,3831
MOG,446
MOG2,3277
KNN,3453
GMG,2216
CNT,3834
MOG,456
MOG2,3290
KNN,3464
GMG,2244
CNT,3816
MOG,456
MOG2,3288
KNN,3417
GMG,2181
CNT,3786
MOG,474
MOG2,3265
KNN,3433
GMG,2172
CNT,3790
MOG,471
MOG2,3224
KNN,3369
GMG,2087
CNT,3767
MOG,463
MOG2,3194
KNN,3369
GMG,2062
CNT,3749
MOG,498
MOG2,3209
KNN,3419
GMG,2046
CNT,3747
MOG,499
MOG2,3296
KNN,3497
GMG,2121
CNT,3849
MOG,500
MOG2,3452
KNN,3503
GMG,2025
CNT,3847
MOG,498
MOG2,3439
KNN,3551
GMG,2024
CNT,3859
MOG,495
MOG2,3492
KNN,3507
GMG,2001
CNT,3824
MOG,487
MOG2,3456
KNN,3493
GMG,1994
CNT,3795
MOG,464
MOG2,3418
KNN,3516
GMG,2005
CNT,3847
MOG,472
MOG2,3411
KNN,3512
GMG,1966
CNT,3801
MOG,466
MOG2,3419
KNN,3481
GMG,2027
CNT,3822
MOG,457
MOG2,3483
KNN,3556
GMG,1955
CNT,3852
MOG,441
MOG2,3507
KNN,3544
GMG,2029
CNT,3850
MOG,432
MOG2,3535
KNN,3538
GMG,2064
CNT,3895
MOG,434
MOG2,3505
KNN,3546
GMG,2063
CNT,3911
MOG,422
MOG2,3539
KNN,3543
GMG,2000
CNT,3854
MOG,434
MOG2,3526
KNN,3523
GMG,2053
CNT,3877
MOG,424
MOG2,3504
KNN,3624
GMG,2099
CNT,3868
MOG,437
MOG2,3560
KNN,3648
GMG,2141
CNT,3930
MOG,433
MOG2,3654
KNN,3665
GMG,2084
CNT,3952
MOG,454
MOG2,3694
KNN,3641
GMG,2101
CNT,3943
MOG,443
MOG2,3668
KNN,3676
GMG,2095
CNT,3969
MOG,438
MOG2,3657
KNN,3688
GMG,2114
CNT,3972
MOG,450
MOG2,3738
KNN,3675
GMG,2160
CNT,3965
MOG,446
MOG2,3696
KNN,3691
GMG,2170
CNT,3988
MOG,439
MOG2,3666
KNN,3691
GMG,2101
CNT,3981
MOG,440
MOG2,3671
KNN,3695
GMG,2168
CNT,3976
MOG,435
MOG2,3645
KNN,3630
GMG,2157
CNT,3975
MOG,443
MOG2,3447
KNN,3668
GMG,2171
CNT,4009
MOG,449
MOG2,3399
KNN,3656
GMG,2122
CNT,4002
MOG,430
MOG2,3383
KNN,3610
GMG,2098
CNT,3974
MOG,427
MOG2,3376
KNN,3634
GMG,2212
CNT,3970
MOG,413
MOG2,3382
KNN,3656
GMG,2199
CNT,3966
MOG,434
MOG2,3457
KNN,3677
GMG,2190
CNT,3994
MOG,440
MOG2,3461
KNN,3675
GMG,2225
CNT,4041
MOG,459
MOG2,3476
KNN,3651
GMG,2171
CNT,4023
MOG,440
MOG2,3406
KNN,3659
GMG,2211
CNT,4057
MOG,461
MOG2,3414
KNN,3675
GMG,2166
CNT,4042
MOG,428
MOG2,3411
KNN,3668
GMG,2216
CNT,4053
MOG,455
MOG2,3469
KNN,3609
GMG,2238
CNT,4015
MOG,446
MOG2,3385
KNN,3579
GMG,2214
CNT,4025
MOG,446
MOG2,3349
KNN,3548
GMG,2201
CNT,4056
MOG,434
MOG2,3375
KNN,3637
GMG,2220
CNT,4066
MOG,441
MOG2,3439
KNN,3597
GMG,2207
CNT,4045
MOG,456
MOG2,3398
KNN,3611
GMG,2154
CNT,4078
MOG,465
MOG2,3414
KNN,3630
GMG,2139
CNT,4017
MOG,477
MOG2,3423
KNN,3644
GMG,2222
CNT,4036
MOG,476
MOG2,3459
KNN,3816
GMG,2307
CNT,4069
MOG,506
MOG2,3810
KNN,3891
GMG,2296
CNT,4152
MOG,515
MOG2,3910
KNN,3943
GMG,2294
CNT,4208
MOG,550
MOG2,3987
KNN,3971
GMG,2324
CNT,4240
MOG,563
MOG2,4024
KNN,4008
GMG,2350
CNT,4256
MOG,577
MOG2,4097
KNN,4083
GMG,2319
CNT,4306
MOG,568
MOG2,4162
KNN,4204
GMG,2335
CNT,4349
MOG,573
MOG2,4292
KNN,4276
GMG,2387
CNT,4426
MOG,567
MOG2,4343
KNN,4247
GMG,2406
CNT,4435
MOG,551
MOG2,4298
KNN,4367
GMG,2433
CNT,4505
MOG,570
MOG2,4442
KNN,4406
GMG,2311
CNT,4563
MOG,558
MOG2,4468
KNN,4449
GMG,2378
CNT,4683
MOG,546
MOG2,4547
KNN,4457
GMG,2407
CNT,4717
MOG,570
MOG2,4556
KNN,4507
GMG,2457
CNT,4778
MOG,558
MOG2,4603
KNN,4561
GMG,2507
CNT,4818
MOG,568
MOG2,4617
KNN,5324
GMG,3845
CNT,5154
MOG,550
MOG2,6422
KNN,5132
GMG,3293
CNT,5094
MOG,537
MOG2,6175
KNN,5228
GMG,2995
CNT,5319
MOG,581
MOG2,6453
KNN,5160
GMG,2582
CNT,5298
MOG,569
MOG2,6373
KNN,5157
GMG,2524
CNT,5345
MOG,580
MOG2,6314
KNN,5215
GMG,2455
CNT,5434
MOG,581
MOG2,6357
KNN,5270
GMG,2414
CNT,5480
MOG,572
MOG2,6510
KNN,5278
GMG,2426
CNT,5547
MOG,562
MOG2,6464
KNN,5352
GMG,2412
CNT,5651
MOG,592
MOG2,6582
KNN,5384
GMG,2403
CNT,5710
MOG,595
MOG2,6579
KNN,5435
GMG,2384
CNT,5754
MOG,607
MOG2,6601
KNN,5464
GMG,2332
CNT,5773
MOG,625
MOG2,6583
KNN,5543
GMG,2315
CNT,5843
MOG,633
MOG2,6695
KNN,5530
GMG,2241
CNT,5832
MOG,631
MOG2,6707
KNN,5751
GMG,2196
CNT,6021
MOG,685
MOG2,7021
KNN,6004
GMG,2249
CNT,6175
MOG,694
MOG2,7185
KNN,6095
GMG,2270
CNT,6275
MOG,721
MOG2,7383
KNN,6249
GMG,2212
CNT,6359
MOG,768
MOG2,7501
KNN,6277
GMG,2205
CNT,6406
MOG,778
MOG2,7558
KNN,6304
GMG,2214
CNT,6397
MOG,809
MOG2,7524
KNN,6416
GMG,2191
CNT,6542
MOG,823
MOG2,7666
KNN,6493
GMG,2176
CNT,6618
MOG,862
MOG2,7724
KNN,6792
GMG,2147
CNT,6795
MOG,909
MOG2,7988
KNN,6871
GMG,2167
CNT,6877
MOG,941
MOG2,8086
KNN,7244
GMG,2198
CNT,7161
MOG,1017
MOG2,8512
KNN,7363
GMG,2178
CNT,7262
MOG,1056
MOG2,8646
KNN,7625
GMG,2137
CNT,7471
MOG,1098
MOG2,8954
KNN,7728
GMG,2164
CNT,7515
MOG,1150
MOG2,9077
KNN,7876
GMG,2214
CNT,7636
MOG,1168
MOG2,9128
KNN,7951
GMG,2186
CNT,7706
MOG,1205
MOG2,9179
KNN,8192
GMG,2225
CNT,7863
MOG,1202
MOG2,9436
KNN,8340
GMG,2253
CNT,8020
MOG,1238
MOG2,9550
KNN,8435
GMG,2233
CNT,8093
MOG,1272
MOG2,9613
KNN,8481
GMG,2193
CNT,8146
MOG,1291
MOG2,9629
KNN,8691
GMG,2270
CNT,8346
MOG,1362
MOG2,9914
KNN,8794
GMG,2287
CNT,8449
MOG,1476
MOG2,9954
KNN,8892
GMG,2280
CNT,8574
MOG,1523
MOG2,10015
KNN,8947
GMG,2285
CNT,8657
MOG,1535
MOG2,9965
KNN,9092
GMG,2217
CNT,8718
MOG,1545
MOG2,10136
KNN,9121
GMG,2242
CNT,8777
MOG,1573
MOG2,10073
KNN,9146
GMG,2314
CNT,8839
MOG,1577
MOG2,10020
KNN,9212
GMG,2353
CNT,8878
MOG,1586
MOG2,9982
KNN,9310
GMG,2440
CNT,8975
MOG,1574
MOG2,10155
KNN,9376
GMG,2437
CNT,9019
MOG,1574
MOG2,10076
KNN,9434
GMG,2429
CNT,9068
MOG,1580
MOG2,10126
KNN,9511
GMG,2530
CNT,9138
MOG,1584
MOG2,10157
KNN,9782
GMG,2490
CNT,9369
MOG,1626
MOG2,10435
KNN,9817
GMG,2438
CNT,9437
MOG,1683
MOG2,10393
KNN,9898
GMG,2493
CNT,9535
MOG,1688
MOG2,10394
KNN,9876
GMG,2481
CNT,9507
MOG,1708
MOG2,10295
KNN,10056
GMG,2544
CNT,9685
MOG,1718
MOG2,10570
KNN,10104
GMG,2603
CNT,9734
MOG,1756
MOG2,10491
KNN,10238
GMG,2602
CNT,9826
MOG,1778
MOG2,10531
KNN,10251
GMG,2567
CNT,9873
MOG,1793
MOG2,10478
KNN,10432
GMG,2594
CNT,10009
MOG,1792
MOG2,10437
KNN,10452
GMG,2624
CNT,10040
MOG,1805
MOG2,10017
KNN,10488
GMG,2640
CNT,10095
MOG,1817
MOG2,9932
KNN,10522
GMG,2627
CNT,10146
MOG,1848
MOG2,9778
KNN,10537
GMG,2646
CNT,10223
MOG,1822
MOG2,9764
KNN,10514
GMG,2617
CNT,10274
MOG,1825
MOG2,9579
KNN,10514
GMG,2695
CNT,10339
MOG,1812
MOG2,9593
KNN,10481
GMG,2666
CNT,10371
MOG,1828
MOG2,9403
KNN,10557
GMG,2719
CNT,10450
MOG,1862
MOG2,9487
KNN,10527
GMG,2734
CNT,10461
MOG,1878
MOG2,9358
KNN,10528
GMG,2659
CNT,10468
MOG,1862
MOG2,9288
KNN,10478
GMG,2705
CNT,10498
MOG,1890
MOG2,9145
KNN,10480
GMG,2676
CNT,10556
MOG,1903
MOG2,9099
KNN,10477
GMG,2753
CNT,10549
MOG,1902
MOG2,8979
KNN,10432
GMG,2744
CNT,10588
MOG,1898
MOG2,8870
KNN,10336
GMG,2761
CNT,10565
MOG,1882
MOG2,8674
KNN,10322
GMG,2812
CNT,10569
MOG,1816
MOG2,8664
KNN,10287
GMG,2792
CNT,10598
MOG,1822
MOG2,8451
KNN,10261
GMG,2688
CNT,10627
MOG,1787
MOG2,8284
KNN,10207
GMG,2637
CNT,10598
MOG,1782
MOG2,8062
KNN,10297
GMG,2721
CNT,10710
MOG,1792
MOG2,8073
KNN,10279
GMG,2772
CNT,10692
MOG,1772
MOG2,7965
KNN,10230
GMG,2785
CNT,10714
MOG,1745
MOG2,7770
KNN,10239
GMG,2848
CNT,10698
MOG,1776
MOG2,7653
KNN,10251
GMG,2835
CNT,10737
MOG,1729
MOG2,7508
KNN,10152
GMG,2720
CNT,10726
MOG,1699
MOG2,7240
KNN,10071
GMG,2720
CNT,10753
MOG,1664
MOG2,7069
KNN,9940
GMG,2662
CNT,10662
MOG,1642
MOG2,6716
KNN,9874
GMG,2698
CNT,10671
MOG,1597
MOG2,6514
KNN,9814
GMG,2714
CNT,10638
MOG,1570
MOG2,6353
KNN,9682
GMG,2650
CNT,10637
MOG,1582
MOG2,6158
KNN,9567
GMG,2596
CNT,10556
MOG,1586
MOG2,5870
KNN,9528
GMG,2464
CNT,10579
MOG,1557
MOG2,5755
KNN,9443
GMG,2444
CNT,10600
MOG,1550
MOG2,5563
KNN,9360
GMG,2309
CNT,10575
MOG,1521
MOG2,5482
KNN,9235
GMG,2342
CNT,10524
MOG,1519
MOG2,5306
KNN,9459
GMG,3002
CNT,10688
MOG,1473
MOG2,6733
KNN,9332
GMG,2852
CNT,10651
MOG,1410
MOG2,6654
KNN,9291
GMG,2605
CNT,10661
MOG,1401
MOG2,6645
KNN,9281
GMG,2313
CNT,10754
MOG,1377
MOG2,6580
KNN,9199
GMG,2223
CNT,10765
MOG,1390
MOG2,6539
KNN,9104
GMG,2258
CNT,10755
MOG,1349
MOG2,6403
KNN,9051
GMG,2191
CNT,10708
MOG,1320
MOG2,6384
KNN,8991
GMG,2233
CNT,10816
MOG,1292
MOG2,6321
KNN,8897
GMG,2149
CNT,10759
MOG,1271
MOG2,6234
KNN,8865
GMG,2128
CNT,10822
MOG,1227
MOG2,6199
KNN,8789
GMG,2172
CNT,10813
MOG,1194
MOG2,6073
KNN,8711
GMG,2132
CNT,10906
MOG,1149
MOG2,6016
KNN,8622
GMG,2142
CNT,10867
MOG,1128
MOG2,5944
KNN,8619
GMG,2036
CNT,10873
MOG,1089
MOG2,5932
KNN,8529
GMG,1962
CNT,10834
MOG,1082
MOG2,5856
KNN,8600
GMG,2070
CNT,10918
MOG,1062
MOG2,5950
KNN,8523
GMG,2024
CNT,10929
MOG,1074
MOG2,5919
KNN,8518
GMG,1995
CNT,10963
MOG,1039
MOG2,5896
KNN,8425
GMG,1912
CNT,10953
MOG,1030
MOG2,5813
KNN,8355
GMG,1976
CNT,11020
MOG,997
MOG2,5891
KNN,8329
GMG,2037
CNT,11046
MOG,978
MOG2,5810
KNN,8309
GMG,2037
CNT,11118
MOG,902
MOG2,5732
KNN,8193
GMG,2023
CNT,11104
MOG,899
MOG2,5677
KNN,8189
GMG,2075
CNT,11237
MOG,882
MOG2,5725
KNN,8143
GMG,2121
CNT,11278
MOG,903
MOG2,5730
KNN,8095
GMG,2116
CNT,11330
MOG,897
MOG2,5833
KNN,7994
GMG,2124
CNT,11319
MOG,904
MOG2,5805
KNN,8035
GMG,2060
CNT,11392
MOG,885
MOG2,5893
KNN,7974
GMG,2078
CNT,11489
MOG,932
MOG2,5852
KNN,7958
GMG,2069
CNT,11541
MOG,931
MOG2,5906
KNN,8011
GMG,2047
CNT,11583
MOG,970
MOG2,6140
KNN,7976
GMG,2102
CNT,11596
MOG,960
MOG2,6101
KNN,7941
GMG,2091
CNT,11628
MOG,974
MOG2,6090
KNN,7891
GMG,2114
CNT,11629
MOG,954
MOG2,6007
KNN,7814
GMG,2192
CNT,11749
MOG,947
MOG2,6011
KNN,7714
GMG,2165
CNT,11724
MOG,935
MOG2,5919
KNN,7704
GMG,2224
CNT,11861
MOG,963
MOG2,5948
KNN,7656
GMG,2151
CNT,11852
MOG,957
MOG2,5873
KNN,7673
GMG,2218
CNT,11973
MOG,957
MOG2,5961
KNN,7638
GMG,2229
CNT,12039
MOG,990
MOG2,5887
KNN,7598
GMG,2233
CNT,12032
MOG,957
MOG2,5879
KNN,7555
GMG,2285
CNT,12021
MOG,964
MOG2,5817
KNN,7513
GMG,2250
CNT,12116
MOG,954
MOG2,5870
KNN,7446
GMG,2292
CNT,12094
MOG,960
MOG2,5773
KNN,7362
GMG,2288
CNT,12120
MOG,951
MOG2,5755
KNN,7321
GMG,2357
CNT,12113
MOG,950
MOG2,5776
KNN,7440
GMG,2344
CNT,12281
MOG,953
MOG2,5954
KNN,7370
GMG,2371
CNT,12315
MOG,953
MOG2,5909
KNN,7357
GMG,2304
CNT,12330
MOG,952
MOG2,5917
KNN,7270
GMG,2323
CNT,12335
MOG,941
MOG2,5837
KNN,7266
GMG,2411
CNT,12399
MOG,944
MOG2,5854
KNN,7240
GMG,2420
CNT,12408
MOG,922
MOG2,5825
KNN,7207
GMG,2473
CNT,12445
MOG,914
MOG2,5852
KNN,7195
GMG,2436
CNT,12506
MOG,955
MOG2,5800
KNN,7185
GMG,2424
CNT,12588
MOG,943
MOG2,5636
KNN,7124
GMG,2467
CNT,12587
MOG,940
MOG2,5391
KNN,7197
GMG,2572
CNT,12710
MOG,907
MOG2,5373
KNN,7215
GMG,2509
CNT,12753
MOG,909
MOG2,5450
KNN,7190
GMG,2524
CNT,12747
MOG,909
MOG2,5382
KNN,7188
GMG,2532
CNT,12764
MOG,926
MOG2,5393
KNN,7216
GMG,2591
CNT,12893
MOG,934
MOG2,5346
KNN,7186
GMG,2632
CNT,12922
MOG,988
MOG2,5412
KNN,7228
GMG,2596
CNT,12963
MOG,1002
MOG2,5415
KNN,7196
GMG,2700
CNT,12995
MOG,1013
MOG2,5486
KNN,7216
GMG,2792
CNT,13114
MOG,1043
MOG2,5524
KNN,7259
GMG,2867
CNT,13160
MOG,1040
MOG2,5560
KNN,7366
GMG,2968
CNT,13268
MOG,1086
MOG2,5677
KNN,7404
GMG,2931
CNT,13292
MOG,1157
MOG2,5734
KNN,7486
GMG,3097
CNT,13465
MOG,1188
MOG2,5858
KNN,7493
GMG,3085
CNT,13544
MOG,1218
MOG2,5915
KNN,7584
GMG,3102
CNT,13589
MOG,1262
MOG2,5973
KNN,7582
GMG,3163
CNT,13662
MOG,1331
MOG2,5968
KNN,7652
GMG,3275
CNT,13826
MOG,1353
MOG2,6064
KNN,7603
GMG,3350
CNT,13801
MOG,1369
MOG2,5989
KNN,7664
GMG,3413
CNT,13972
MOG,1433
MOG2,6094
KNN,7752
GMG,3426
CNT,13966
MOG,1502
MOG2,6204
KNN,7829
GMG,3550
CNT,14004
MOG,1550
MOG2,6240
KNN,7850
GMG,3694
CNT,14025
MOG,1571
MOG2,6249
KNN,7793
GMG,3641
CNT,14078
MOG,1615
MOG2,6234
KNN,7874
GMG,3745
CNT,14120
MOG,1660
MOG2,6281
KNN,7958
GMG,3773
CNT,14237
MOG,1704
MOG2,6324
KNN,7996
GMG,3952
CNT,14396
MOG,1773
MOG2,6397
KNN,8082
GMG,4024
CNT,14453
MOG,1816
MOG2,6443
KNN,8183
GMG,4006
CNT,14595
MOG,1915
MOG2,6559
KNN,8264
GMG,4066
CNT,14670
MOG,1970
MOG2,6595
KNN,8317
GMG,4086
CNT,14749
MOG,1968
MOG2,6660
KNN,8331
GMG,4161
CNT,14718
MOG,2033
MOG2,6633
KNN,8413
GMG,4229
CNT,14799
MOG,2035
MOG2,6697
KNN,8490
GMG,4278
CNT,14933
MOG,2078
MOG2,6784
KNN,8497
GMG,4368
CNT,14965
MOG,2095
MOG2,6785
KNN,9154
GMG,5471
CNT,15338
MOG,2109
MOG2,8048
KNN,9142
GMG,5013
CNT,15381
MOG,2123
MOG2,8061
KNN,9172
GMG,4686
CNT,15403
MOG,2131
MOG2,8102
KNN,9214
GMG,4586
CNT,15445
MOG,2171
MOG2,8090
KNN,9219
GMG,4616
CNT,15446
MOG,2162
MOG2,8027
KNN,9209
GMG,4618
CNT,15430
MOG,2175
MOG2,8040
KNN,9229
GMG,4641
CNT,15399
MOG,2197
MOG2,7958
KNN,9178
GMG,4659
CNT,15481
MOG,2194
MOG2,7933
KNN,9186
GMG,4690
CNT,15475
MOG,2227
MOG2,7952
KNN,9248
GMG,4789
CNT,15601
MOG,2213
MOG2,8008
KNN,9309
GMG,4725
CNT,15666
MOG,2238
MOG2,8052
KNN,9299
GMG,4777
CNT,15633
MOG,2221
MOG2,8045
KNN,9335
GMG,4826
CNT,15677
MOG,2225
MOG2,8114
KNN,9301
GMG,4823
CNT,15666
MOG,2195
MOG2,8047
KNN,9251
GMG,4760
CNT,15700
MOG,2222
MOG2,8044
KNN,9310
GMG,4611
CNT,15745
MOG,2161
MOG2,8139
KNN,9295
GMG,4704
CNT,15657
MOG,2108
MOG2,8064
KNN,9294
GMG,4674
CNT,15707
MOG,2065
MOG2,8041
KNN,9184
GMG,4502
CNT,15650
MOG,2069
MOG2,7968
KNN,9166
GMG,4440
CNT,15701
MOG,2019
MOG2,8000
KNN,9100
GMG,4472
CNT,15704
MOG,1993
MOG2,7884
KNN,9167
GMG,4375
CNT,15793
MOG,2014
MOG2,7940
KNN,9184
GMG,4286
CNT,15788
MOG,2013
MOG2,7897
KNN,9190
GMG,4184
CNT,15836
MOG,2032
MOG2,7879
KNN,9127
GMG,4221
CNT,15862
MOG,2030
MOG2,7830
KNN,9069
GMG,4191
CNT,15855
MOG,2035
MOG2,7759
KNN,8952
GMG,4070
CNT,15784
MOG,2030
MOG2,7635
KNN,8943
GMG,4072
CNT,15804
MOG,2017
MOG2,7644
KNN,8878
GMG,4020
CNT,15786
MOG,2003
MOG2,7532
KNN,8788
GMG,4049
CNT,15809
MOG,2024
MOG2,7434
KNN,8986
GMG,4119
CNT,15848
MOG,1983
MOG2,7637
KNN,8883
GMG,4107
CNT,15860
MOG,1960
MOG2,7497
KNN,8872
GMG,4018
CNT,15834
MOG,1949
MOG2,7431
KNN,8837
GMG,4053
CNT,15912
MOG,1974
MOG2,7365
KNN,8776
GMG,3956
CNT,15839
MOG,2020
MOG2,7273
KNN,8777
GMG,3993
CNT,15950
MOG,2057
MOG2,7304
KNN,8803
GMG,3981
CNT,15973
MOG,2042
MOG2,7266
KNN,8782
GMG,4040
CNT,16013
MOG,2015
MOG2,7262
KNN,8764
GMG,4058
CNT,16035
MOG,2060
MOG2,7242
KNN,8710
GMG,4126
CNT,16046
MOG,2069
MOG2,7226
KNN,8674
GMG,4047
CNT,16060
MOG,2099
MOG2,7189
KNN,8706
GMG,4007
CNT,16081
MOG,2094
MOG2,7219
KNN,8618
GMG,3959
CNT,15978
MOG,2119
MOG2,7087
KNN,8566
GMG,4033
CNT,16046
MOG,2154
MOG2,7048
KNN,8467
GMG,3969
CNT,15963
MOG,2142
MOG2,6947
KNN,8566
GMG,4062
CNT,15979
MOG,2166
MOG2,7083
KNN,8611
GMG,4001
CNT,15859
MOG,2113
MOG2,7141
KNN,8508
GMG,3947
CNT,16005
MOG,2138
MOG2,7020
KNN,8483
GMG,3943
CNT,16006
MOG,2172
MOG2,7005
KNN,8452
GMG,3927
CNT,16092
MOG,2207
MOG2,7006
KNN,8463
GMG,3919
CNT,16064
MOG,2177
MOG2,7023
KNN,8539
GMG,4064
CNT,16224
MOG,2193
MOG2,7066
KNN,8549
GMG,4042
CNT,16298
MOG,2303
MOG2,7085
KNN,8580
GMG,4077
CNT,16312
MOG,2300
MOG2,7042
KNN,8541
GMG,4063
CNT,16265
MOG,2338
MOG2,6886
KNN,8557
GMG,4081
CNT,16259
MOG,2276
MOG2,6850
KNN,8489
GMG,4046
CNT,16273
MOG,2228
MOG2,6778
KNN,8435
GMG,4053
CNT,16187
MOG,2172
MOG2,6707
KNN,8402
GMG,3915
CNT,16122
MOG,2199
MOG2,6615
KNN,8447
GMG,3946
CNT,16249
MOG,2194
MOG2,6678
KNN,8531
GMG,3929
CNT,16144
MOG,2140
MOG2,6836
KNN,8488
GMG,3898
CNT,16190
MOG,2199
MOG2,6803
KNN,8387
GMG,3845
CNT,16112
MOG,2117
MOG2,6700
KNN,8367
GMG,3758
CNT,16146
MOG,2108
MOG2,6714
KNN,8300
GMG,3826
CNT,16113
MOG,2084
MOG2,6663
KNN,8297
GMG,3784
CNT,16065
MOG,2040
MOG2,6631
KNN,8216
GMG,3689
CNT,16014
MOG,2002
MOG2,6569
KNN,8299
GMG,3690
CNT,16155
MOG,2043
MOG2,6641
KNN,8260
GMG,3643
CNT,16115
MOG,2033
MOG2,6628
KNN,8308
GMG,3603
CNT,16164
MOG,2030
MOG2,6693
KNN,8314
GMG,3624
CNT,16087
MOG,2036
MOG2,6706
KNN,8343
GMG,3612
CNT,16153
MOG,1992
MOG2,6675
KNN,8225
GMG,3576
CNT,16056
MOG,1925
MOG2,6589
KNN,8106
GMG,3574
CNT,16053
MOG,1901
MOG2,6474
KNN,8062
GMG,3414
CNT,16009
MOG,1856
MOG2,6400
KNN,8065
GMG,3447
CNT,16023
MOG,1812
MOG2,6526
KNN,8012
GMG,3457
CNT,16006
MOG,1749
MOG2,6485
KNN,7869
GMG,3409
CNT,15941
MOG,1617
MOG2,6327
KNN,7788
GMG,3358
CNT,15879
MOG,1609
MOG2,6220
KNN,7719
GMG,3341
CNT,15922
MOG,1532
MOG2,6142
KNN,7572
GMG,3240
CNT,15893
MOG,1504
MOG2,6019
KNN,7462
GMG,3150
CNT,15889
MOG,1460
MOG2,5908
KNN,7407
GMG,3135
CNT,15814
MOG,1432
MOG2,5868
KNN,7344
GMG,3159
CNT,15865
MOG,1399
MOG2,5802
KNN,7264
GMG,3023
CNT,15831
MOG,1368
MOG2,5722
KNN,7185
GMG,2949
CNT,15784
MOG,1334
MOG2,5674
KNN,7125
GMG,2961
CNT,15783
MOG,1326
MOG2,5620
KNN,7077
GMG,3039
CNT,15783
MOG,1355
MOG2,5554
KNN,7101
GMG,3054
CNT,15836
MOG,1349
MOG2,5579
KNN,7125
GMG,3074
CNT,15766
MOG,1383
MOG2,5597
KNN,7619
GMG,4547
CNT,16166
MOG,1414
MOG2,6666
KNN,7634
GMG,3985
CNT,16191
MOG,1460
MOG2,6633
KNN,7636
GMG,3488
CNT,16238
MOG,1514
MOG2,6707
KNN,7546
GMG,3237
CNT,16241
MOG,1532
MOG2,6660
KNN,7581
GMG,3296
CNT,16246
MOG,1548
MOG2,6679
KNN,7637
GMG,3345
CNT,16315
MOG,1592
MOG2,6730
KNN,7561
GMG,3451
CNT,16279
MOG,1620
MOG2,6640
KNN,7478
GMG,3615
CNT,16336
MOG,1699
MOG2,6609
KNN,7527
GMG,3669
CNT,16388
MOG,1709
MOG2,6693
KNN,7558
GMG,3768
CNT,16264
MOG,1757
MOG2,6659
KNN,7604
GMG,3897
CNT,16347
MOG,1768
MOG2,6693
KNN,7614
GMG,3997
CNT,16306
MOG,1804
MOG2,6686
KNN,7565
GMG,4028
CNT,16377
MOG,1825
MOG2,6601
KNN,7607
GMG,4071
CNT,16346
MOG,1878
MOG2,6614
KNN,7518
GMG,4119
CNT,16432
MOG,1869
MOG2,6569
KNN,7597
GMG,4258
CNT,16412
MOG,1914
MOG2,6663
KNN,7608
GMG,4223
CNT,16596
MOG,1921
MOG2,6596
KNN,7563
GMG,4249
CNT,16548
MOG,1861
MOG2,6522
KNN,7507
GMG,4203
CNT,16675
MOG,1887
MOG2,6526
KNN,7490
GMG,4267
CNT,16731
MOG,1910
MOG2,6536
KNN,7505
GMG,4310
CNT,16874
MOG,1959
MOG2,6576
KNN,7441
GMG,4353
CNT,16838
MOG,1973
MOG2,6478
KNN,7333
GMG,4413
CNT,16868
MOG,1895
MOG2,6335
KNN,7293
GMG,4415
CNT,16954
MOG,1917
MOG2,6312
KNN,7254
GMG,4452
CNT,17003
MOG,1925
MOG2,6264
KNN,7206
GMG,4456
CNT,16901
MOG,1919
MOG2,6181
KNN,7038
GMG,4430
CNT,16971
MOG,1851
MOG2,6085
KNN,7013
GMG,4356
CNT,16903
MOG,1810
MOG2,6016
KNN,6948
GMG,4335
CNT,16923
MOG,1806
MOG2,6028
KNN,6918
GMG,4349
CNT,16881
MOG,1798
MOG2,5990
KNN,6862
GMG,4317
CNT,16945
MOG,1774
MOG2,5950
KNN,6852
GMG,4344
CNT,16918
MOG,1749
MOG2,5861
KNN,6786
GMG,4381
CNT,16936
MOG,1710
MOG2,5773
KNN,6730
GMG,4279
CNT,16887
MOG,1694
MOG2,5675
KNN,6701
GMG,4293
CNT,16954
MOG,1646
MOG2,5682
KNN,6671
GMG,4232
CNT,16966
MOG,1624
MOG2,5592
KNN,6634
GMG,4287
CNT,17030
MOG,1618
MOG2,5570
KNN,6594
GMG,4300
CNT,17000
MOG,1574
MOG2,5528
KNN,6582
GMG,4332
CNT,17147
MOG,1571
MOG2,5473
KNN,6475
GMG,4219
CNT,17077
MOG,1542
MOG2,5332
KNN,6450
GMG,4274
CNT,17097
MOG,1560
MOG2,5306
KNN,6419
GMG,4196
CNT,17087
MOG,1540
MOG2,5237
KNN,6309
GMG,4127
CNT,17126
MOG,1494
MOG2,5104
KNN,6186
GMG,4128
CNT,17011
MOG,1496
MOG2,4975
KNN,6148
GMG,4093
CNT,17066
MOG,1487
MOG2,4960
KNN,6089
GMG,4043
CNT,16932
MOG,1462
MOG2,4927
KNN,5911
GMG,4028
CNT,16999
MOG,1432
MOG2,4729
KNN,5875
GMG,3921
CNT,16961
MOG,1388
MOG2,4659
KNN,5784
GMG,3935
CNT,16956
MOG,1391
MOG2,4585
KNN,5719
GMG,3881
CNT,16909
MOG,1350
MOG2,4549
KNN,5679
GMG,3876
CNT,16966
MOG,1321
MOG2,4472
KNN,5602
GMG,3881
CNT,16923
MOG,1307
MOG2,4474
KNN,5608
GMG,3953
CNT,16967
MOG,1261
MOG2,4487
KNN,5543
GMG,3855
CNT,16920
MOG,1246
MOG2,4365
KNN,5487
GMG,3878
CNT,16975
MOG,1221
MOG2,4161
KNN,5448
GMG,3852
CNT,17002
MOG,1220
MOG2,4135
KNN,5366
GMG,3824
CNT,16986
MOG,1182
MOG2,4045
KNN,5378
GMG,3793
CNT,16925
MOG,1263
MOG2,4042
KNN,5359
GMG,3763
CNT,17030
MOG,1227
MOG2,4060
KNN,5335
GMG,3701
CNT,16982
MOG,1211
MOG2,4015
KNN,5470
GMG,3650
CNT,16954
MOG,1209
MOG2,4190
KNN,5407
GMG,3628
CNT,16942
MOG,1196
MOG2,4131
KNN,5341
GMG,3615
CNT,17113
MOG,1219
MOG2,4069
KNN,5267
GMG,3545
CNT,17029
MOG,1140
MOG2,3973
KNN,5193
GMG,3521
CNT,17016
MOG,1113
MOG2,3946
KNN,5186
GMG,3528
CNT,16968
MOG,1088
MOG2,3951
KNN,5335
GMG,3621
CNT,17099
MOG,1116
MOG2,4089
KNN,5318
GMG,3619
CNT,17119
MOG,1108
MOG2,4081
KNN,5311
GMG,3585
CNT,17125
MOG,1110
MOG2,4098
KNN,5310
GMG,3569
CNT,17117
MOG,1107
MOG2,4056
KNN,5360
GMG,3559
CNT,17323
MOG,1082
MOG2,4126
KNN,5349
GMG,3561
CNT,17360
MOG,1093
MOG2,4095
KNN,5337
GMG,3562
CNT,17430
MOG,1071
MOG2,4115
KNN,5405
GMG,3645
CNT,17439
MOG,1144
MOG2,4219
KNN,5371
GMG,3678
CNT,17595
MOG,1100
MOG2,4258
KNN,5428
GMG,3682
CNT,17682
MOG,1143
MOG2,4461
KNN,5378
GMG,3637
CNT,17657
MOG,1077
MOG2,4433
KNN,5342
GMG,3669
CNT,17680
MOG,1126
MOG2,4423
KNN,5335
GMG,3550
CNT,17768
MOG,1119
MOG2,4434
KNN,5295
GMG,3543
CNT,17751
MOG,1140
MOG2,4408
KNN,5245
GMG,3480
CNT,17744
MOG,1089
MOG2,4371
KNN,5231
GMG,3415
CNT,17693
MOG,1114
MOG2,4296
KNN,5223
GMG,3422
CNT,17664
MOG,1083
MOG2,4228
KNN,5199
GMG,3410
CNT,17661
MOG,1082
MOG2,4250
KNN,5126
GMG,3353
CNT,17601
MOG,1059
MOG2,4180
KNN,5121
GMG,3386
CNT,17621
MOG,1032
MOG2,4190
KNN,5097
GMG,3358
CNT,17704
MOG,1009
MOG2,4179
KNN,5124
GMG,3277
CNT,17664
MOG,1008
MOG2,4156
KNN,5076
GMG,3229
CNT,17652
MOG,970
MOG2,4127
KNN,5052
GMG,3197
CNT,17668
MOG,990
MOG2,4120
KNN,5801
GMG,4616
CNT,18274
MOG,969
MOG2,5230
KNN,5726
GMG,3846
CNT,18262
MOG,989
MOG2,5145
KNN,5730
GMG,3495
CNT,18340
MOG,1015
MOG2,5105
KNN,5769
GMG,3235
CNT,18391
MOG,1010
MOG2,5178
KNN,5775
GMG,3201
CNT,18290
MOG,1008
MOG2,5219
KNN,5921
GMG,3143
CNT,18346
MOG,1019
MOG2,5380
KNN,6128
GMG,3144
CNT,18362
MOG,987
MOG2,5563
KNN,6342
GMG,3244
CNT,18492
MOG,1006
MOG2,5783
KNN,6377
GMG,3123
CNT,18514
MOG,1008
MOG2,5847
KNN,6669
GMG,3101
CNT,18648
MOG,1119
MOG2,6098
KNN,6721
GMG,3046
CNT,18554
MOG,1136
MOG2,6147
KNN,6935
GMG,3026
CNT,18755
MOG,1230
MOG2,6404
KNN,6997
GMG,3002
CNT,18677
MOG,1237
MOG2,6432
KNN,7078
GMG,2974
CNT,18732
MOG,1307
MOG2,6548
KNN,7267
GMG,2978
CNT,18738
MOG,1391
MOG2,6680
KNN,7662
GMG,3492
CNT,19034
MOG,1529
MOG2,7096
KNN,7796
GMG,3718
CNT,19006
MOG,1617
MOG2,7242
KNN,7943
GMG,3698
CNT,19081
MOG,1661
MOG2,7391
KNN,8113
GMG,3733
CNT,19105
MOG,1815
MOG2,7531
KNN,8348
GMG,3931
CNT,19398
MOG,1911
MOG2,7837
KNN,8528
GMG,4106
CNT,19536
MOG,2058
MOG2,7914
KNN,8831
GMG,4292
CNT,19707
MOG,2254
MOG2,8239
KNN,8957
GMG,4541
CNT,19751
MOG,2407
MOG2,8368
KNN,9218
GMG,4591
CNT,19947
MOG,2478
MOG2,8611
KNN,9373
GMG,4501
CNT,20100
MOG,2709
MOG2,8750
KNN,9499
GMG,4784
CNT,20192
MOG,2776
MOG2,8910
KNN,9528
GMG,4346
CNT,20236
MOG,2859
MOG2,8941
KNN,9639
GMG,4514
CNT,20295
MOG,2927
MOG2,9062
KNN,9709
GMG,4400
CNT,20296
MOG,2992
MOG2,9066
KNN,9719
GMG,4179
CNT,20462
MOG,3069
MOG2,9162
KNN,9792
GMG,4391
CNT,20563
MOG,3063
MOG2,9204
KNN,9957
GMG,4444
CNT,20715
MOG,3169
MOG2,9291
KNN,9966
GMG,4046
CNT,20683
MOG,3203
MOG2,9216
KNN,9939
GMG,3968
CNT,20805
MOG,3194
MOG2,9209
KNN,9942
GMG,4147
CNT,20937
MOG,3226
MOG2,9162
KNN,9946
GMG,4078
CNT,20887
MOG,3224
MOG2,9119
KNN,9861
GMG,4193
CNT,21063
MOG,3154
MOG2,9073
KNN,9857
GMG,4140
CNT,21102
MOG,3165
MOG2,9006
KNN,9831
GMG,4318
CNT,21217
MOG,3080
MOG2,8946
KNN,9822
GMG,4347
CNT,21208
MOG,3037
MOG2,8823
KNN,9847
GMG,4419
CNT,21426
MOG,2960
MOG2,8851
KNN,9751
GMG,4556
CNT,21464
MOG,2956
MOG2,8833
KNN,9719
GMG,4740
CNT,21520
MOG,2811
MOG2,8770
KNN,9634
GMG,4745
CNT,21423
MOG,2784
MOG2,8668
KNN,9591
GMG,4791
CNT,21573
MOG,2712
MOG2,8667
KNN,9593
GMG,4926
CNT,21746
MOG,2634
MOG2,8613
KNN,9549
GMG,5041
CNT,21712
MOG,2566
MOG2,8480
KNN,9604
GMG,5048
CNT,21742
MOG,2510
MOG2,8471
KNN,9582
GMG,4861
CNT,21688
MOG,2514
MOG2,8431
KNN,9587
GMG,4884
CNT,21983
MOG,2446
MOG2,8493
KNN,9589
GMG,5043
CNT,21995
MOG,2380
MOG2,8453
KNN,9577
GMG,5174
CNT,22118
MOG,2374
MOG2,8494
KNN,9658
GMG,5379
CNT,22112
MOG,2462
MOG2,8546
KNN,9846
GMG,5395
CNT,22451
MOG,2436
MOG2,8730
KNN,9924
GMG,5457
CNT,22443
MOG,2437
MOG2,8578
KNN,10036
GMG,5511
CNT,22523
MOG,2498
MOG2,8627
KNN,10005
GMG,5482
CNT,22476
MOG,2479
MOG2,8555
KNN,10179
GMG,5614
CNT,22777
MOG,2530
MOG2,8795
KNN,10168
GMG,5703
CNT,22739
MOG,2505
MOG2,8780
KNN,10412
GMG,5835
CNT,22938
MOG,2570
MOG2,9034
KNN,10599
GMG,6051
CNT,22953
MOG,2696
MOG2,9252
KNN,10741
GMG,6231
CNT,23139
MOG,2750
MOG2,9420
KNN,10739
GMG,6049
CNT,23115
MOG,2777
MOG2,9419
KNN,10851
GMG,6094
CNT,23221
MOG,2798
MOG2,9542
KNN,10905
GMG,6285
CNT,23274
MOG,2866
MOG2,9563
KNN,10827
GMG,6214
CNT,23251
MOG,2864
MOG2,9511
KNN,11227
GMG,6411
CNT,23682
MOG,2901
MOG2,9895
KNN,11361
GMG,6652
CNT,23776
MOG,2944
MOG2,10103
KNN,11661
GMG,6574
CNT,24165
MOG,2880
MOG2,10373
KNN,11767
GMG,6416
CNT,24274
MOG,2902
MOG2,10385
KNN,11954
GMG,6410
CNT,24462
MOG,2903
MOG2,10529
KNN,11939
GMG,6223
CNT,24405
MOG,2896
MOG2,10558
KNN,12226
GMG,6304
CNT,24800
MOG,2852
MOG2,10926
KNN,12212
GMG,6354
CNT,24747
MOG,2903
MOG2,10875
KNN,12379
GMG,6318
CNT,24898
MOG,2876
MOG2,11059
KNN,12803
GMG,6532
CNT,25105
MOG,3038
MOG2,11518
KNN,12958
GMG,6605
CNT,25428
MOG,3032
MOG2,11792
KNN,12981
GMG,6376
CNT,25444
MOG,3047
MOG2,11785
KNN,13135
GMG,6372
CNT,25653
MOG,3152
MOG2,11958
KNN,13119
GMG,6345
CNT,25687
MOG,3234
MOG2,11910
KNN,13419
GMG,6372
CNT,26133
MOG,3310
MOG2,12241
KNN,13435
GMG,6336
CNT,26183
MOG,3309
MOG2,12309
KNN,13655
GMG,6527
CNT,26276
MOG,3350
MOG2,12479
KNN,13592
GMG,6497
CNT,26126
MOG,3353
MOG2,12295
KNN,13846
GMG,6584
CNT,26265
MOG,3348
MOG2,12506
KNN,13768
GMG,6482
CNT,26122
MOG,3347
MOG2,12345
KNN,14071
GMG,6662
CNT,26398
MOG,3354
MOG2,12775
KNN,14248
GMG,6740
CNT,26377
MOG,3380
MOG2,12797
KNN,14325
GMG,6711
CNT,26288
MOG,3373
MOG2,12858
KNN,14309
GMG,6526
CNT,26371
MOG,3429
MOG2,12735
KNN,15975
GMG,12391
CNT,27631
MOG,3637
MOG2,15352
KNN,16004
GMG,10059
CNT,27630
MOG,3576
MOG2,15422
KNN,15995
GMG,8450
CNT,27687
MOG,3563
MOG2,15341
KNN,16230
GMG,6361
CNT,27910
MOG,3546
MOG2,15654
KNN,16320
GMG,6332
CNT,27977
MOG,3567
MOG2,15668
KNN,16399
GMG,6307
CNT,28111
MOG,3558
MOG2,15708
KNN,16369
GMG,6156
CNT,28034
MOG,3581
MOG2,15565
KNN,16639
GMG,6345
CNT,28367
MOG,3487
MOG2,15886
KNN,16651
GMG,6066
CNT,28404
MOG,3516
MOG2,15780
KNN,16830
GMG,6120
CNT,28635
MOG,3528
MOG2,15948
KNN,16796
GMG,6041
CNT,28585
MOG,3562
MOG2,15727
KNN,17118
GMG,6368
CNT,28889
MOG,3563
MOG2,16137
KNN,17185
GMG,6365
CNT,29039
MOG,3577
MOG2,16153
KNN,17352
GMG,6538
CNT,29271
MOG,3564
MOG2,16299
KNN,17336
GMG,6179
CNT,29264
MOG,3658
MOG2,16103
KNN,17772
GMG,6306
CNT,29845
MOG,3566
MOG2,16676
KNN,17811
GMG,6203
CNT,29796
MOG,3563
MOG2,16544
KNN,18001
GMG,6203
CNT,29944
MOG,3484
MOG2,16698
KNN,17908
GMG,6032
CNT,29894
MOG,3477
MOG2,16524
KNN,18334
GMG,6043
CNT,30417
MOG,3483
MOG2,17006
KNN,18477
GMG,5934
CNT,30515
MOG,3511
MOG2,17056
KNN,18714
GMG,5997
CNT,30606
MOG,3447
MOG2,17177
KNN,18600
GMG,5853
CNT,30493
MOG,3444
MOG2,16871
KNN,19024
GMG,5950
CNT,30933
MOG,3470
MOG2,17366
KNN,19058
GMG,5867
CNT,30951
MOG,3459
MOG2,17298
KNN,19139
GMG,5985
CNT,31123
MOG,3469
MOG2,17377
KNN,19069
GMG,5929
CNT,31048
MOG,3445
MOG2,17156
KNN,19537
GMG,6002
CNT,31625
MOG,3359
MOG2,17809
KNN,19530
GMG,6005
CNT,31665
MOG,3347
MOG2,17591
KNN,19740
GMG,6108
CNT,31864
MOG,3332
MOG2,17737
KNN,19787
GMG,6071
CNT,31803
MOG,3321
MOG2,17778
KNN,20176
GMG,6055
CNT,32299
MOG,3327
MOG2,18135
KNN,20108
GMG,5991
CNT,32283
MOG,3303
MOG2,17877
KNN,20221
GMG,6039
CNT,32246
MOG,3254
MOG2,17795
KNN,20126
GMG,5892
CNT,32227
MOG,3180
MOG2,17480
KNN,20301
GMG,5960
CNT,32479
MOG,3134
MOG2,17510
KNN,20611
GMG,6134
CNT,32774
MOG,3221
MOG2,17641
KNN,20549
GMG,6087
CNT,32654
MOG,3127
MOG2,17395
KNN,20908
GMG,6117
CNT,33008
MOG,3083
MOG2,17576
KNN,20903
GMG,6100
CNT,33076
MOG,3048
MOG2,17324
KNN,20982
GMG,6142
CNT,33225
MOG,2969
MOG2,17247
KNN,20933
GMG,6070
CNT,33183
MOG,2981
MOG2,17013
KNN,21409
GMG,6195
CNT,33751
MOG,2968
MOG2,17334
KNN,21326
GMG,6129
CNT,33769
MOG,2946
MOG2,17064
KNN,21551
GMG,6084
CNT,34062
MOG,2951
MOG2,17132
KNN,21647
GMG,6039
CNT,34121
MOG,2943
MOG2,17151
KNN,21649
GMG,6025
CNT,34307
MOG,2892
MOG2,17028
KNN,21507
GMG,5963
CNT,34138
MOG,2846
MOG2,16668
KNN,21686
GMG,5851
CNT,34285
MOG,2918
MOG2,16530
KNN,21742
GMG,5866
CNT,34387
MOG,2864
MOG2,16407
KNN,21641
GMG,5775
CNT,34343
MOG,2825
MOG2,16141
KNN,21889
GMG,5920
CNT,34665
MOG,2813
MOG2,16296
KNN,22029
GMG,5832
CNT,35002
MOG,2803
MOG2,16360
KNN,22061
GMG,5962
CNT,35100
MOG,2774
MOG2,16310
KNN,22004
GMG,5705
CNT,35171
MOG,2824
MOG2,15741
KNN,22257
GMG,5869
CNT,35655
MOG,2745
MOG2,15637
KNN,22251
GMG,5827
CNT,35721
MOG,2740
MOG2,15332
KNN,22373
GMG,5871
CNT,35859
MOG,2703
MOG2,15266
KNN,22185
GMG,5678
CNT,35898
MOG,2749
MOG2,15057
KNN,22732
GMG,5871
CNT,36462
MOG,2754
MOG2,15508
KNN,22980
GMG,5742
CNT,36646
MOG,2751
MOG2,15672
KNN,22902
GMG,5725
CNT,36749
